song id,genre id,song title,song artist,uri
1,1,All I Want for Christmas Is You,Mariah Carey,https://p.scdn.co/mp3-preview/bbafd15ff484394a0ca106d5fef0a81eeea4ef5b?cid=9950ac751e34487dbbe027c4fd7f8e99
2,1,Last Christmas,Wham!,
3,1,Santa Tell Me,Ariana Grande,
4,1,Rockin' Around The Christmas Tree - Single Version,Brenda Lee,
5,1,It's Beginning to Look a Lot like Christmas,Michael Bublé,https://p.scdn.co/mp3-preview/798a8bc5a7a95ccad75648a63bc50aa755dc2289?cid=9950ac751e34487dbbe027c4fd7f8e99
6,1,Jingle Bell Rock,Bobby Helms,
7,1,Underneath the Tree,Kelly Clarkson,https://p.scdn.co/mp3-preview/fe7e6cdab388c2f48c4719c9bc8bb2b094881186?cid=9950ac751e34487dbbe027c4fd7f8e99
8,1,"Let It Snow, Let It Snow, Let It Snow",Dean Martin,
9,1,It's the Most Wonderful Time of the Year,Andy Williams,https://p.scdn.co/mp3-preview/b7f07feff3ed976d9e0fd53ba7e295e1782e4299?cid=9950ac751e34487dbbe027c4fd7f8e99
10,1,Snowman,Sia,https://p.scdn.co/mp3-preview/477ea14e861597aec13fee51e609e88c9d85d50a?cid=9950ac751e34487dbbe027c4fd7f8e99
11,1,Mistletoe,Justin Bieber,
12,1,Sleigh Ride,The Ronettes,https://p.scdn.co/mp3-preview/af8102ee02140590690efefd229d2182e5216ec5?cid=9950ac751e34487dbbe027c4fd7f8e99
13,1,Holly Jolly Christmas,Michael Bublé,https://p.scdn.co/mp3-preview/f7962fe13e7e25fcc1963373acf61d289bbcdf6d?cid=9950ac751e34487dbbe027c4fd7f8e99
14,1,Feliz Navidad,José Feliciano,https://p.scdn.co/mp3-preview/18c3d8b2baaace859430fc191b15fd419233896f?cid=9950ac751e34487dbbe027c4fd7f8e99
15,1,Wonderful Christmastime (Edited Version) [Remastered],Paul McCartney,
16,1,Christmas (Baby Please Come Home),Mariah Carey,https://p.scdn.co/mp3-preview/b218043b2fbb314ce430dda3631a8e7e49fb8953?cid=9950ac751e34487dbbe027c4fd7f8e99
17,1,Driving Home for Christmas,Chris Rea,https://p.scdn.co/mp3-preview/ceedafb966b1e9336e126bbca99daec3b87914c3?cid=9950ac751e34487dbbe027c4fd7f8e99
18,1,Let It Snow! Let It Snow! Let It Snow! (with The B. Swanson Quartet),"Frank Sinatra, B. Swanson Quartet",
19,1,Jingle Bell Rock,Daryl Hall & John Oates,
20,1,Do They Know It's Christmas? - 1984 Version,Band Aid,
21,1,Merry Christmas Everyone - Remastered,Shakin' Stevens,
22,1,Have Yourself A Merry Little Christmas,Sam Smith,https://p.scdn.co/mp3-preview/952b7becf57c9d625dcc8b01183baf205f902040?cid=9950ac751e34487dbbe027c4fd7f8e99
23,1,It's Beginning to Look a Lot Like Christmas (with Mitchell Ayres & His Orchestra),"Perry Como, The Fontane Sisters, Mitchell Ayres & His Orchestra",https://p.scdn.co/mp3-preview/c30c6e81fd4a43cd6fc97dd57002fd09b98efaa6?cid=9950ac751e34487dbbe027c4fd7f8e99
24,1,Last Christmas,Ariana Grande,https://p.scdn.co/mp3-preview/8dec4d9e6671f44543131f3326dd0cdd79a717cb?cid=9950ac751e34487dbbe027c4fd7f8e99
25,1,"Baby, It's Cold Outside - Remastered 2004",Dean Martin,https://p.scdn.co/mp3-preview/df0c041aa3c34d477e8da2e1192620c8e5819917?cid=9950ac751e34487dbbe027c4fd7f8e99
26,1,Happy Xmas (War Is Over) - Remastered 2010,"John Lennon, The Harlem Community Choir, The Plastic Ono Band, Yoko Ono",
27,1,Santa Baby,Kylie Minogue,https://p.scdn.co/mp3-preview/e0a24a8e01686092efd1f98686178ff445d1d3cf?cid=9950ac751e34487dbbe027c4fd7f8e99
28,1,Thank God It's Christmas,Queen,https://p.scdn.co/mp3-preview/d33ab9f6053b41df0e77ab1fd97f2ada00f72074?cid=9950ac751e34487dbbe027c4fd7f8e99
29,1,A Holly Jolly Christmas - Single Version,Burl Ives,https://p.scdn.co/mp3-preview/2ad7e0e223ce890938a4ed8ba53609b095080aa9?cid=9950ac751e34487dbbe027c4fd7f8e99
30,1,Santa Claus Is Coming To Town,The Jackson 5,https://p.scdn.co/mp3-preview/a8441c400c269c753603384bac9922e6c2d87b3b?cid=9950ac751e34487dbbe027c4fd7f8e99
31,1,My Only Wish (This Year),Britney Spears,https://p.scdn.co/mp3-preview/702bcd4a5c27c5f92c8b019dd20fdcbab7adb0ba?cid=9950ac751e34487dbbe027c4fd7f8e99
32,1,Sleigh Ride,Ella Fitzgerald,
33,1,Step Into Christmas,Elton John,
34,1,"Baby, It's Cold Outside (feat. Meghan Trainor)","Brett Eldredge, Meghan Trainor",https://p.scdn.co/mp3-preview/034b86b6675353d9e88badc912cf1196e4530d7a?cid=9950ac751e34487dbbe027c4fd7f8e99
35,1,Like It's Christmas,Jonas Brothers,https://p.scdn.co/mp3-preview/a6b3b85df61098f5e970a739c0cb31d5ef5a597d?cid=9950ac751e34487dbbe027c4fd7f8e99
36,1,I'll Be Home for Christmas,Michael Bublé,https://p.scdn.co/mp3-preview/56e5faaafcd03d6b963c3c599c9d597acaeacef6?cid=9950ac751e34487dbbe027c4fd7f8e99
37,1,Winter Wonderland,Tony Bennett,
38,1,I Saw Mommy Kissing Santa Claus,The Jackson 5,https://p.scdn.co/mp3-preview/cb5af84404cec18343c897289644084c89b9f019?cid=9950ac751e34487dbbe027c4fd7f8e99
39,1,Rudolph The Red-Nosed Reindeer,Dean Martin,https://p.scdn.co/mp3-preview/5a681a072314b156a6b531614e00459fdf1fb9f0?cid=9950ac751e34487dbbe027c4fd7f8e99
40,1,What Christmas Means To Me,Stevie Wonder,
41,1,One More Sleep,Leona Lewis,https://p.scdn.co/mp3-preview/54d452b147cfcefdb8fc3fbec9d97b83d30a1425?cid=9950ac751e34487dbbe027c4fd7f8e99
42,1,"Santa Claus Is Comin' to Town - Live at C.W. Post College, Greenvale, NY - December 1975",Bruce Springsteen,
43,1,Santa Baby,"Ariana Grande, Liz Gillies",https://p.scdn.co/mp3-preview/d8a8d3254cf9851b69a9612647972da3167f76d7?cid=9950ac751e34487dbbe027c4fd7f8e99
44,1,This Christmas,Christina Aguilera,https://p.scdn.co/mp3-preview/bca4fc53aee27354462a703e6fa51a9768e9e28c?cid=9950ac751e34487dbbe027c4fd7f8e99
45,1,You Make It Feel Like Christmas (feat. Blake Shelton),"Gwen Stefani, Blake Shelton",
46,1,Santa Claus Is Coming to Town,Michael Bublé,https://p.scdn.co/mp3-preview/bd010602753203f389e32bd1c7bec2a88c020aa8?cid=9950ac751e34487dbbe027c4fd7f8e99
47,1,Baby It's Cold Outside (duet with Michael Bublé),"Idina Menzel, Michael Bublé",https://p.scdn.co/mp3-preview/910681d905ad71b3356c7896fafe0d65d7011a88?cid=9950ac751e34487dbbe027c4fd7f8e99
48,1,Christmas (Baby Please Come Home),Darlene Love,https://p.scdn.co/mp3-preview/11b05740be41488755647b1c7a46082f9b3d0a65?cid=9950ac751e34487dbbe027c4fd7f8e99
49,1,A Holly Jolly Christmas,Brett Eldredge,https://p.scdn.co/mp3-preview/11ced53b4ded9531f176be947fb8a46fce112ffe?cid=9950ac751e34487dbbe027c4fd7f8e99
50,1,"Merry Christmas, Happy Holidays",*NSYNC,
51,1,White Christmas,"Bing Crosby, Ken Darby Singers, John Scott Trotter & His Orchestra",https://p.scdn.co/mp3-preview/2a1ea2e4263c017e3fc02734d334759d06f0f77d?cid=9950ac751e34487dbbe027c4fd7f8e99
52,1,It's Beginning To Look A Lot Like Christmas,Bing Crosby,
53,1,Joy To The World,Nat King Cole,
54,1,Frosty The Snowman,Ella Fitzgerald,
55,1,Jingle Bells,Frank Sinatra,https://p.scdn.co/mp3-preview/2ae2248a74976acc3b448162c7bfccaea05858a4?cid=9950ac751e34487dbbe027c4fd7f8e99
56,1,Bring Me Love,John Legend,https://p.scdn.co/mp3-preview/8c917e7e46683760efb90906960de7374aa9dace?cid=9950ac751e34487dbbe027c4fd7f8e99
57,1,Run Rudolph Run,Chuck Berry,
58,1,Cozy Little Christmas,Katy Perry,https://p.scdn.co/mp3-preview/3e466756394d262540692b0603c323cb22f339dd?cid=9950ac751e34487dbbe027c4fd7f8e99
59,1,Shake up Christmas,Train,
60,1,The Christmas Song (Merry Christmas To You),Nat King Cole,https://p.scdn.co/mp3-preview/d575ba7b971d97437e7a2c7eee31676ec7e99bcb?cid=9950ac751e34487dbbe027c4fd7f8e99
61,1,Here Comes Santa Claus (Right Down Santa Claus Lane),Elvis Presley,https://p.scdn.co/mp3-preview/9544732963c39f32a58f51e70337e929f41d1d47?cid=9950ac751e34487dbbe027c4fd7f8e99
62,1,Winter Wonderland,Hannah Kerr,
63,1,I'll Be Home,Meghan Trainor,https://p.scdn.co/mp3-preview/ef428f236ebcbccf633d2da2aa75235e908e941c?cid=9950ac751e34487dbbe027c4fd7f8e99
64,1,Wrapped in Red,Kelly Clarkson,https://p.scdn.co/mp3-preview/d95ff15298361e02fd7635a3359b63f70a0b9ff0?cid=9950ac751e34487dbbe027c4fd7f8e99
65,1,Last Christmas,James TW,https://p.scdn.co/mp3-preview/74218db324c2b1d426fe6a62a7baa3d1fb2760d4?cid=9950ac751e34487dbbe027c4fd7f8e99
66,1,Silent Night,Mariah Carey,https://p.scdn.co/mp3-preview/3fd3a704d14abd0e672c6a4546c155a89bbdf860?cid=9950ac751e34487dbbe027c4fd7f8e99
67,1,Mistletoe and Holly,Frank Sinatra,
68,1,Fairytale of New York (feat. Kirsty MacColl),"The Pogues, Kirsty MacColl",https://p.scdn.co/mp3-preview/227469faf748b0adc16f8efa4e8029b3377a00d7?cid=9950ac751e34487dbbe027c4fd7f8e99
69,1,This Christmas,Donny Hathaway,https://p.scdn.co/mp3-preview/30880137fceaf60f94be00ed7e3c42c77647d545?cid=9950ac751e34487dbbe027c4fd7f8e99
70,1,The Christmas Song (Chestnuts Roasting On An Open Fire),"Justin Bieber, Usher",
71,1,Santa's Coming for Us,Sia,
72,1,The Christmas Song (Shawn Mendes & Camila Cabello),"Shawn Mendes, Camila Cabello",https://p.scdn.co/mp3-preview/9d48ffdcb5d152adef705bfc04528b0b5cadc433?cid=9950ac751e34487dbbe027c4fd7f8e99
73,1,I Wish It Could Be Christmas Everyday,Wizzard,https://p.scdn.co/mp3-preview/f8c6a2cbf27097613215e3686356dba99d70ba6a?cid=9950ac751e34487dbbe027c4fd7f8e99
74,1,Take Me Home For Christmas,Dan + Shay,https://p.scdn.co/mp3-preview/a588e7d2337a780f4d637947eb5629e77b231374?cid=9950ac751e34487dbbe027c4fd7f8e99
75,1,Christmas Tree Farm,Taylor Swift,https://p.scdn.co/mp3-preview/b39daaf7f3a7753c77f5977214c21944cbc09d2f?cid=9950ac751e34487dbbe027c4fd7f8e99
76,1,Rudolph The Red-Nosed Reindeer,Burl Ives,https://p.scdn.co/mp3-preview/5dc72696f13f29c84a36851f160defe2483ea53a?cid=9950ac751e34487dbbe027c4fd7f8e99
77,1,Christmas Lights,Coldplay,https://p.scdn.co/mp3-preview/b9d27a4e915bb75611468e3a39dfb9dd025413b0?cid=9950ac751e34487dbbe027c4fd7f8e99
78,1,"Mary, Did You Know?",Pentatonix,https://p.scdn.co/mp3-preview/df2d7900cdfc92f88d60a9c7e105d1a11b3190a1?cid=9950ac751e34487dbbe027c4fd7f8e99
79,1,Christmas Without You,Ava Max,https://p.scdn.co/mp3-preview/735a1d93a0e7af96da46d5e939d2ec84dc70cb11?cid=9950ac751e34487dbbe027c4fd7f8e99
80,1,Please Come Home for Christmas - 2013 Remaster,Eagles,https://p.scdn.co/mp3-preview/99c098c78ce00cdb212edc1bc89ca197160b869d?cid=9950ac751e34487dbbe027c4fd7f8e99
81,1,O Holy Night,Mariah Carey,
82,1,Happy Xmas (War Is Over),Céline Dion,
83,1,Christmas Love,Justin Bieber,
84,1,Under The Mistletoe,"Kelly Clarkson, Brett Eldredge, Atlantic Holiday",https://p.scdn.co/mp3-preview/1f11e0cff179bf44035f60eee57d433d72ecc508?cid=9950ac751e34487dbbe027c4fd7f8e99
85,1,Blue Christmas,Elvis Presley,https://p.scdn.co/mp3-preview/84537958871a6331b34cd88f0f2c0c5f335d7bca?cid=9950ac751e34487dbbe027c4fd7f8e99
86,1,Make It To Christmas,Alessia Cara,https://p.scdn.co/mp3-preview/32cde2afa365873f84621234a3543cfef7245771?cid=9950ac751e34487dbbe027c4fd7f8e99
87,1,Oh Santa! (feat. Ariana Grande & Jennifer Hudson),"Mariah Carey, Ariana Grande, Jennifer Hudson",https://p.scdn.co/mp3-preview/32e41668572bb5e9a88e9c30f4acd6d0151092fb?cid=9950ac751e34487dbbe027c4fd7f8e99
88,1,Do You Hear What I Hear? - Remastered 2006,Bing Crosby,https://p.scdn.co/mp3-preview/2de89850c6b9a50c7583a561db0b5247533cf21f?cid=9950ac751e34487dbbe027c4fd7f8e99
89,1,Man With The Bag,Jessie J,
90,1,My Kind Of Present,Meghan Trainor,https://p.scdn.co/mp3-preview/9c670d9d2d0c8378cc4f8ca4ebf7928f897af0f3?cid=9950ac751e34487dbbe027c4fd7f8e99
91,1,Mistletoe and Wine,Cliff Richard,https://p.scdn.co/mp3-preview/5b035a1f3ca8f6d59169cfce068387ab59bc6350?cid=9950ac751e34487dbbe027c4fd7f8e99
92,1,Let It Snow (with Babyface),"Tori Kelly, Babyface",https://p.scdn.co/mp3-preview/2ed49db79270f109869eb009d8de9a0b616e64e7?cid=9950ac751e34487dbbe027c4fd7f8e99
93,1,Lonely This Christmas,Mud,https://p.scdn.co/mp3-preview/bc8cb982ce63895050f76776c9eb2e305c421d5c?cid=9950ac751e34487dbbe027c4fd7f8e99
94,1,Rockin' Around The Christmas Tree,Mel & Kim,https://p.scdn.co/mp3-preview/0a3d3c5430e8a5f41c79ce44f1e18c2139c53e6b?cid=9950ac751e34487dbbe027c4fd7f8e99
95,1,"Oh Holy Night - Recorded at Metropolis Studios, London",Nina Nesbitt,https://p.scdn.co/mp3-preview/d07f90af391da01f8a21b6496f2da910d492b6fc?cid=9950ac751e34487dbbe027c4fd7f8e99
96,1,Someday At Christmas,Stevie Wonder,https://p.scdn.co/mp3-preview/59f82d2696eac150502f6fd068d6d9037910aef8?cid=9950ac751e34487dbbe027c4fd7f8e99
97,1,All I Want (For Christmas),Liam Payne,https://p.scdn.co/mp3-preview/d646c198f6d5ed293ed9f959a27e7351cbb54f2e?cid=9950ac751e34487dbbe027c4fd7f8e99
98,1,Have Yourself a Merry Little Christmas,Christina Aguilera,https://p.scdn.co/mp3-preview/ad0985109658d6693d33d395ea1fe32bfc7a866e?cid=9950ac751e34487dbbe027c4fd7f8e99
99,1,"White Christmas - Spotify Singles - Holiday, Recorded at Air Studios, London",George Ezra,https://p.scdn.co/mp3-preview/813a57756c651d37c3f319734594280048e5c1b6?cid=9950ac751e34487dbbe027c4fd7f8e99
100,1,The First Noël (with Faith Hill),"Josh Groban, Faith Hill",https://p.scdn.co/mp3-preview/78246ab13a56e693789c126854adfd27ceafaa8d?cid=9950ac751e34487dbbe027c4fd7f8e99
101,1,It's Christmas,Jamie Cullum,https://p.scdn.co/mp3-preview/8aec043ad6713f3ca6b291f00da618e23ddbc6c3?cid=9950ac751e34487dbbe027c4fd7f8e99
102,1,Winter Things,Ariana Grande,https://p.scdn.co/mp3-preview/3501bc78f2f3e81d69db35acd5cb3f311dca862b?cid=9950ac751e34487dbbe027c4fd7f8e99
103,1,Christmas Time,Backstreet Boys,
104,1,I Need You Christmas,Jonas Brothers,https://p.scdn.co/mp3-preview/ddf66761d24436b79d2ec2108b734ec3cd61e1e6?cid=9950ac751e34487dbbe027c4fd7f8e99
105,1,Grown-Up Christmas List,Jordan Smith,https://p.scdn.co/mp3-preview/53f0f482cb4a049c9a84c480aeae5cf5812b2b7d?cid=9950ac751e34487dbbe027c4fd7f8e99
106,1,It's Not Christmas 'Til You Come Home - Recorded At Spotify Studios NYC,Norah Jones,https://p.scdn.co/mp3-preview/3154a901a98fbd0021faf92db9f69dde482b3d9b?cid=9950ac751e34487dbbe027c4fd7f8e99
107,1,Merry Christmas Baby,Otis Redding,https://p.scdn.co/mp3-preview/b520951f6759a904da185d61dd15a29dee245ad7?cid=9950ac751e34487dbbe027c4fd7f8e99
108,1,Naughty List (with Dixie),"Liam Payne, Dixie",https://p.scdn.co/mp3-preview/c0e9b1aaff279e6a97332b6c85ea0a8acd3f81ee?cid=9950ac751e34487dbbe027c4fd7f8e99
109,1,2000 Miles - 2007 Remaster,Pretenders,https://p.scdn.co/mp3-preview/c6c5576e1db91ae26f9dc5d7213a0622a9bc51f5?cid=9950ac751e34487dbbe027c4fd7f8e99
110,1,"Holidays (feat. Earth, Wind & Fire)","Meghan Trainor, Earth\, Wind & Fire",https://p.scdn.co/mp3-preview/c4abfd0c89602acf643263d2754a4c58ff165c94?cid=9950ac751e34487dbbe027c4fd7f8e99
111,1,Frosty the Snowman,Fiona Apple,https://p.scdn.co/mp3-preview/5010e1bbb67554a62cc3d7981a2ebb2baadaa56f?cid=9950ac751e34487dbbe027c4fd7f8e99
112,1,Christmas Time Is Here,Brett Eldredge,https://p.scdn.co/mp3-preview/481cf5fe2b6bb5eaa1c2f048af35aadc5db58a21?cid=9950ac751e34487dbbe027c4fd7f8e99
113,1,You and Me and Christmastime,Sheffield,
114,1,Christmas (Baby Please Come Home),ROZES,https://p.scdn.co/mp3-preview/7ebca763799bd44b8370e11b769d4307cbf11168?cid=9950ac751e34487dbbe027c4fd7f8e99
115,1,"Cuddle Up, Cozy Down Christmas","Dolly Parton, Michael Bublé",
116,1,Little Drummer Boy,for KING & COUNTRY,https://p.scdn.co/mp3-preview/167a024bc4cea6014cc1a3e70c78e2bb1d193bc7?cid=9950ac751e34487dbbe027c4fd7f8e99
117,1,The Lighthouse Keeper,Sam Smith,https://p.scdn.co/mp3-preview/e559825a04156394ebfa6fcc155d8a4d67ff34f1?cid=9950ac751e34487dbbe027c4fd7f8e99
118,1,Christmas Time Is Here - Recorded at Sound Emporium Nashville,Devin Dawson,https://p.scdn.co/mp3-preview/83c3437fc7319362488025ef4041e4b696567f87?cid=9950ac751e34487dbbe027c4fd7f8e99
119,1,Glittery - From The Kacey Musgraves Christmas Show,"Kacey Musgraves, Troye Sivan",https://p.scdn.co/mp3-preview/7f6eba552138de429f013679918e57b1ce5e9841?cid=9950ac751e34487dbbe027c4fd7f8e99
120,2,Happy Birthday,Stevie Wonder,
121,2,Celebration - Single Version,Kool & The Gang,
122,2,Birthday,Katy Perry,https://p.scdn.co/mp3-preview/a60c0bb416dee39f58507994bfae965fff3fe8d4?cid=9950ac751e34487dbbe027c4fd7f8e99
123,2,Best Day Of My Life,American Authors,
124,2,"Happy - From ""Despicable Me 2""",Pharrell Williams,
125,2,Good Time,"Owl City, Carly Rae Jepsen",https://p.scdn.co/mp3-preview/97ad280309ec5518b51fee06186984ad9a20f321?cid=9950ac751e34487dbbe027c4fd7f8e99
126,2,I Gotta Feeling,Black Eyed Peas,
127,2,On Top Of The World,Imagine Dragons,
128,2,Walking On Sunshine,Katrina & The Waves,https://p.scdn.co/mp3-preview/27b4eb723337cb13604727c4e4e421dad7cb1adf?cid=9950ac751e34487dbbe027c4fd7f8e99
129,2,Just Dance,"Lady Gaga, Colby O'Donis",https://p.scdn.co/mp3-preview/6ce1af69e4463d45be9d7b63aa4fb3aeaae3a900?cid=9950ac751e34487dbbe027c4fd7f8e99
130,2,We Are Family,Sister Sledge,https://p.scdn.co/mp3-preview/26f5886af9af728d758a84ff045baab992878692?cid=9950ac751e34487dbbe027c4fd7f8e99
131,2,Feel This Moment (feat. Christina Aguilera),"Pitbull, Christina Aguilera",https://p.scdn.co/mp3-preview/68f4c7804fff74deba04b861d13d2743101233d5?cid=9950ac751e34487dbbe027c4fd7f8e99
132,2,We Can't Stop,Miley Cyrus,https://p.scdn.co/mp3-preview/38ac1429ee3574d6a98d34d50462c2ae4c36cd79?cid=9950ac751e34487dbbe027c4fd7f8e99
133,2,Firework,Katy Perry,https://p.scdn.co/mp3-preview/df412d6c055ea3746481e045eedcfc758d88b921?cid=9950ac751e34487dbbe027c4fd7f8e99
134,2,Pretty Shining People,George Ezra,https://p.scdn.co/mp3-preview/622a416ab31a2a1e751bff3ad8ec0e04d45172cc?cid=9950ac751e34487dbbe027c4fd7f8e99
135,2,Love Generation - Radio Edit,Bob Sinclar,
136,2,Love Is In The Air,John Paul Young,https://p.scdn.co/mp3-preview/a4731e73ed55f1c6a12b0a2c140fddf0ca89864b?cid=9950ac751e34487dbbe027c4fd7f8e99
137,2,I'm So Excited,The Pointer Sisters,https://p.scdn.co/mp3-preview/561e7f455013c0307a17b0551b95b1ae71a20375?cid=9950ac751e34487dbbe027c4fd7f8e99
138,2,Solo Dance,Martin Jensen,https://p.scdn.co/mp3-preview/76414b590c5de583123c339afc983f9bd840634f?cid=9950ac751e34487dbbe027c4fd7f8e99
139,2,It's a Beautiful Day,Michael Bublé,https://p.scdn.co/mp3-preview/7eea4fbd8aa6c11d2dc0dee7158b4b50c26202a6?cid=9950ac751e34487dbbe027c4fd7f8e99
140,2,Get Lucky (feat. Pharrell Williams & Nile Rodgers) - Radio Edit,"Daft Punk, Pharrell Williams, Nile Rodgers",https://p.scdn.co/mp3-preview/92d40a2ae211cceb264e9ee1e67fe05f4d788200?cid=9950ac751e34487dbbe027c4fd7f8e99
141,2,Safe And Sound,Capital Cities,
142,2,Lush Life,Zara Larsson,
143,2,Happy Birthday (feat. John Legend),"Kygo, John Legend",https://p.scdn.co/mp3-preview/e72ab84bd293b3382ed6e9d87da79e3bd4e0bb0a?cid=9950ac751e34487dbbe027c4fd7f8e99
144,2,Celebration,Madonna,https://p.scdn.co/mp3-preview/2ec0810a762af769cc126a38d86ee855f6cd4b7f?cid=9950ac751e34487dbbe027c4fd7f8e99
145,2,Party In The U.S.A.,Miley Cyrus,https://p.scdn.co/mp3-preview/64e5d7979445e8402011934fe1c201675f1c210e?cid=9950ac751e34487dbbe027c4fd7f8e99
146,2,Diamonds,Rihanna,https://p.scdn.co/mp3-preview/665538cfb3a3f43d59c918dedee9e6b812b9b653?cid=9950ac751e34487dbbe027c4fd7f8e99
147,2,Fascination,Alphabeat,https://p.scdn.co/mp3-preview/4662d6bdae25ef53f8d82e63b2db5ded2d1f0499?cid=9950ac751e34487dbbe027c4fd7f8e99
148,2,Uptown Funk (feat. Bruno Mars),"Mark Ronson, Bruno Mars",https://p.scdn.co/mp3-preview/f33e7b185ab89fc1eb78cf9b023213c94f7c05a1?cid=9950ac751e34487dbbe027c4fd7f8e99
149,2,Birthday,Selena Gomez,
150,2,Shut Up and Dance,WALK THE MOON,https://p.scdn.co/mp3-preview/50171ad2206e8f6b2ecad2266d353472427c358e?cid=9950ac751e34487dbbe027c4fd7f8e99
151,2,In Da Club,50 Cent,https://p.scdn.co/mp3-preview/ec7b4b02e7ef823452bc43370eb3c0a068573a85?cid=9950ac751e34487dbbe027c4fd7f8e99
152,2,My Best Days Are Ahead Of Me,Danny Gokey,https://p.scdn.co/mp3-preview/3014534d13dde293b7430d56283364f10d96ecd7?cid=9950ac751e34487dbbe027c4fd7f8e99
153,2,Birthday,Anne-Marie,https://p.scdn.co/mp3-preview/0fda873f05d264746e4caeebe83352fddd6eb96a?cid=9950ac751e34487dbbe027c4fd7f8e99
154,2,Amazing,Seal,https://p.scdn.co/mp3-preview/2df1b536d1a0c7d1f569c060c4bf425db6a57cf3?cid=9950ac751e34487dbbe027c4fd7f8e99
155,2,We Are Your Friends - Justice Vs Simian,"Justice, Simian",https://p.scdn.co/mp3-preview/83ad9450379a888b7fa5c7fd8424a03f9d5c9c08?cid=9950ac751e34487dbbe027c4fd7f8e99
156,2,B-Day Song,"Madonna, M.I.A.",https://p.scdn.co/mp3-preview/5fa5766e6af1a570371f5ca419f99e742ee99ced?cid=9950ac751e34487dbbe027c4fd7f8e99
157,2,Feel the Love (feat. John Newman) - Radio Edit,"Rudimental, John Newman",https://p.scdn.co/mp3-preview/6b07bf849ac8936d7b7f1a5b8215ab1a3b0749b2?cid=9950ac751e34487dbbe027c4fd7f8e99
158,2,Birthday,Kings of Leon,
159,2,Happy Birthday Mr. President,Marilyn Monroe,
160,3,Miami,Will Smith,https://p.scdn.co/mp3-preview/c718a0f4a871eef327e00db76e9baf0961657154?cid=9950ac751e34487dbbe027c4fd7f8e99
161,3,Return of the Mack,Mark Morrison,https://p.scdn.co/mp3-preview/77bbf1e3bc27bfe6339579f71fc0b612391aa5e3?cid=9950ac751e34487dbbe027c4fd7f8e99
162,3,"Jumpin', Jumpin'",Destiny's Child,https://p.scdn.co/mp3-preview/900921fe7ea36b001edc1c21f146c4732ff43032?cid=9950ac751e34487dbbe027c4fd7f8e99
163,3,Everybody (Backstreet's Back) - Radio Edit,Backstreet Boys,https://p.scdn.co/mp3-preview/2da7ea19b35ecbfaf2dd7273e9b305a4e090bbc9?cid=9950ac751e34487dbbe027c4fd7f8e99
164,3,Say You'll Be There,Spice Girls,https://p.scdn.co/mp3-preview/284ced5dc4ecbd6d8d10820fe243fcb844984e1b?cid=9950ac751e34487dbbe027c4fd7f8e99
165,3,California Love - Original Version,"2Pac, Roger, Dr. Dre",https://p.scdn.co/mp3-preview/5d8eaad9cd9e8c1f060aea44109d9839c5eaeb59?cid=9950ac751e34487dbbe027c4fd7f8e99
166,3,No Diggity,"Blackstreet, Dr. Dre, Queen Pen",https://p.scdn.co/mp3-preview/c216640c68846d6587123371495115e119b53f0d?cid=9950ac751e34487dbbe027c4fd7f8e99
167,3,Lovefool,The Cardigans,https://p.scdn.co/mp3-preview/119aecd771084f1ed0c71675bc443468ac1b8ed9?cid=9950ac751e34487dbbe027c4fd7f8e99
168,3,The Sign,Ace of Base,https://p.scdn.co/mp3-preview/4c463359f67dd3546db7294d236dd0ae991882ff?cid=9950ac751e34487dbbe027c4fd7f8e99
169,3,Tearin' up My Heart - Radio Edit,*NSYNC,https://p.scdn.co/mp3-preview/b179e4171207a90d3f0d52b307cd7ff5d2ed4df5?cid=9950ac751e34487dbbe027c4fd7f8e99
170,3,Summer Girls,LFO,https://p.scdn.co/mp3-preview/0986ff170e2a1bbd8f85d4fa8fddc46c3d5286d6?cid=9950ac751e34487dbbe027c4fd7f8e99
171,3,Livin' la Vida Loca,Ricky Martin,https://p.scdn.co/mp3-preview/46277e3b9f2bde4c8ebe6c06fb0756e337cbc479?cid=9950ac751e34487dbbe027c4fd7f8e99
172,3,Steal My Sunshine,LEN,https://p.scdn.co/mp3-preview/079e75e7b51ce47ea39b66a65ad700e74e5582b5?cid=9950ac751e34487dbbe027c4fd7f8e99
173,3,Mambo No. 5 (a Little Bit of...),Lou Bega,https://p.scdn.co/mp3-preview/9d4b70e65834b7f7f78e42d1cfc070c827ab0951?cid=9950ac751e34487dbbe027c4fd7f8e99
174,3,Waiting for Tonight,Jennifer Lopez,https://p.scdn.co/mp3-preview/56b256ca079ce0f979ff7a57e1cd8f5ea37ce6c5?cid=9950ac751e34487dbbe027c4fd7f8e99
175,3,Smooth (feat. Rob Thomas),"Santana, Rob Thomas",https://p.scdn.co/mp3-preview/9f977ebb2e695502c8b1d3bd678ef706c9ea4ccb?cid=9950ac751e34487dbbe027c4fd7f8e99
176,3,All I Wanna Do,Sheryl Crow,https://p.scdn.co/mp3-preview/00f422a1672b978feb97b4cfb3eefc616c780cff?cid=9950ac751e34487dbbe027c4fd7f8e99
177,3,MMMBop,Hanson,https://p.scdn.co/mp3-preview/5ea2b17685bd2641693ce797cf6b68a40d2e1d4d?cid=9950ac751e34487dbbe027c4fd7f8e99
178,3,Step by Step,New Kids On The Block,https://p.scdn.co/mp3-preview/d87625852124cdfd62dfe49837d1bad6782baa7a?cid=9950ac751e34487dbbe027c4fd7f8e99
179,3,Crush,Jennifer Paige,https://p.scdn.co/mp3-preview/4e07ed7b2c95a28f0de068fb316fee59cad0dbab?cid=9950ac751e34487dbbe027c4fd7f8e99
180,3,Only Wanna Be with You,Hootie & The Blowfish,https://p.scdn.co/mp3-preview/26646342adf596713462ac6eba52a61340df467c?cid=9950ac751e34487dbbe027c4fd7f8e99
181,3,Summertime,DJ Jazzy Jeff & The Fresh Prince,https://p.scdn.co/mp3-preview/a535966314b59e9f9572046377a8f22cbc3028a9?cid=9950ac751e34487dbbe027c4fd7f8e99
182,3,Life Is A Highway,Tom Cochrane,https://p.scdn.co/mp3-preview/1c387c2c77239c3fea5146d3a4464b8ed0596ef5?cid=9950ac751e34487dbbe027c4fd7f8e99
183,3,Learn to Fly,Foo Fighters,https://p.scdn.co/mp3-preview/a03a546e8dfee4c84098a52d3c3f2b4ca524ae59?cid=9950ac751e34487dbbe027c4fd7f8e99
184,3,Whoomp! (There It Is),Tag Team,
185,3,"What Is Love - 7"" Mix",Haddaway,https://p.scdn.co/mp3-preview/659374a67e87fcdc8ea1d975f65d3321084f4ab6?cid=9950ac751e34487dbbe027c4fd7f8e99
186,3,Walking on Broken Glass,Annie Lennox,https://p.scdn.co/mp3-preview/bd8ecc384996946bda56a4bba660d019f0d4e66f?cid=9950ac751e34487dbbe027c4fd7f8e99
187,3,Unbelievable,EMF,https://p.scdn.co/mp3-preview/e89241c6868e942e3597bdee7aa1c2f572ee99ef?cid=9950ac751e34487dbbe027c4fd7f8e99
188,3,Baby Got Back,Sir Mix-A-Lot,https://p.scdn.co/mp3-preview/74f6931aa68f41cd6f1338381a59f11ec681dece?cid=9950ac751e34487dbbe027c4fd7f8e99
189,3,Man! I Feel Like A Woman!,Shania Twain,https://p.scdn.co/mp3-preview/30c52c4f627f680ea449f4d5269e37a9e4c57279?cid=9950ac751e34487dbbe027c4fd7f8e99
190,3,Genie In a Bottle,Christina Aguilera,https://p.scdn.co/mp3-preview/78889168bd5b91bfc674652f830b5f61edbf8933?cid=9950ac751e34487dbbe027c4fd7f8e99
191,3,Macarena - Bayside Boys Remix,Los Del Rio,https://p.scdn.co/mp3-preview/9343e07cadf2966f6816f8f90419170ca0cf5c24?cid=9950ac751e34487dbbe027c4fd7f8e99
192,3,Always Be My Baby,Mariah Carey,https://p.scdn.co/mp3-preview/35f7b744521c0f3076f46b138b3c6d396ba99bfa?cid=9950ac751e34487dbbe027c4fd7f8e99
193,3,My Boo - Hitman's Club Mix,Ghost Town DJs,https://p.scdn.co/mp3-preview/cf5c29df8e73f6c8301fdfc78e1849a02795cf7d?cid=9950ac751e34487dbbe027c4fd7f8e99
194,3,Quit Playing Games (With My Heart),Backstreet Boys,https://p.scdn.co/mp3-preview/3b62beeb31e777f088b9a1ff59e732947e5805ae?cid=9950ac751e34487dbbe027c4fd7f8e99
195,3,I'll Be Missing You (feat. 112),"Diddy, Faith Evans, 112",https://p.scdn.co/mp3-preview/3b37724224c064ea4af094c37b7a63aa3c6c86b9?cid=9950ac751e34487dbbe027c4fd7f8e99
196,3,"It Must Have Been Love - From the Film ""Pretty Woman""",Roxette,https://p.scdn.co/mp3-preview/a76b97080dee3bd95b1fb99b592910c976fd55f3?cid=9950ac751e34487dbbe027c4fd7f8e99
197,3,Mo Money Mo Problems (feat. Puff Daddy & Mase) - 2014 Remaster,"The Notorious B.I.G., Mase, Diddy",https://p.scdn.co/mp3-preview/0260fcbb89863c7da1358ce217fe20dc5b8416e7?cid=9950ac751e34487dbbe027c4fd7f8e99
198,3,The Power,SNAP!,https://p.scdn.co/mp3-preview/9d6f796baa404280392389b873f089bbb1b8e4d2?cid=9950ac751e34487dbbe027c4fd7f8e99
199,3,It's Not Right But It's Okay,Whitney Houston,https://p.scdn.co/mp3-preview/c3e6cd9fde938842f02e84c69b8891f4f5ee2d79?cid=9950ac751e34487dbbe027c4fd7f8e99
200,3,Candy,Mandy Moore,https://p.scdn.co/mp3-preview/57b9826ad08ab09b1a23554b699302ecd40cb48e?cid=9950ac751e34487dbbe027c4fd7f8e99
201,3,Say My Name,Destiny's Child,https://p.scdn.co/mp3-preview/26cde6756e631b05cb8b83e99bec8eac00980073?cid=9950ac751e34487dbbe027c4fd7f8e99
202,3,If You Had My Love,Jennifer Lopez,https://p.scdn.co/mp3-preview/044024003a62bfcddff14658005aee0cc5533510?cid=9950ac751e34487dbbe027c4fd7f8e99
203,3,"Baby, I Love Your Way","Big Mountain, Tom Lord-Alge",https://p.scdn.co/mp3-preview/2088ffea2a54124e1e4e5e195303251f401c796f?cid=9950ac751e34487dbbe027c4fd7f8e99
204,3,Barbie Girl,Aqua,https://p.scdn.co/mp3-preview/c95e6478370a6a0864b6a642299e0156e3dec56a?cid=9950ac751e34487dbbe027c4fd7f8e99
205,3,When the Lights Go Out - Radio Edit,"Five, Cutfather & Joe",https://p.scdn.co/mp3-preview/1145701707032e4c6df157a8eb50ba32a3ef8776?cid=9950ac751e34487dbbe027c4fd7f8e99
206,3,All Star,Smash Mouth,https://p.scdn.co/mp3-preview/24a26524cd1e364126bb9680ae4b2d3792946cd6?cid=9950ac751e34487dbbe027c4fd7f8e99
207,3,Run-Around,Blues Traveler,https://p.scdn.co/mp3-preview/a30d08254d15e04a43fd13b4256843d4f3f1901f?cid=9950ac751e34487dbbe027c4fd7f8e99
208,3,Something Like That,Tim McGraw,https://p.scdn.co/mp3-preview/65c699904ee47dd5769cf0686d4e54bb629547ee?cid=9950ac751e34487dbbe027c4fd7f8e99
209,3,"Baby, Baby",Amy Grant,https://p.scdn.co/mp3-preview/35ed49f1969a376e6191c06e3784d3c0394e3211?cid=9950ac751e34487dbbe027c4fd7f8e99
210,3,Bitch,Meredith Brooks,https://p.scdn.co/mp3-preview/508870e159e4e672ce1c13f9b18655b62a229e29?cid=9950ac751e34487dbbe027c4fd7f8e99
211,3,Semi-Charmed Life,Third Eye Blind,https://p.scdn.co/mp3-preview/4fd88f2082b5d4ad83e6ef0a55376301d0d70b9d?cid=9950ac751e34487dbbe027c4fd7f8e99
212,3,Genie in a Bottle,Christina Aguilera,
213,3,Right Here Right Now,Jesus Jones,https://p.scdn.co/mp3-preview/94c3d13881187f7d762299a1d3942eb097c8f752?cid=9950ac751e34487dbbe027c4fd7f8e99
214,3,Doo Wop (That Thing),Ms. Lauryn Hill,https://p.scdn.co/mp3-preview/e2d527c9652362bed26e25392e9456966f5eb620?cid=9950ac751e34487dbbe027c4fd7f8e99
215,3,Chattahoochee,Alan Jackson,https://p.scdn.co/mp3-preview/bdecab377b84c0fdc53ffb2f297a64fcc8c4635d?cid=9950ac751e34487dbbe027c4fd7f8e99
216,3,I Love You Always Forever,Donna Lewis,https://p.scdn.co/mp3-preview/17a0534bdeee4390ec17bb17efcd1483780c82da?cid=9950ac751e34487dbbe027c4fd7f8e99
217,3,Bye Bye Bye,*NSYNC,https://p.scdn.co/mp3-preview/72b91cb27fac7beb50a2deffdd8b821fba5ba950?cid=9950ac751e34487dbbe027c4fd7f8e99
218,3,Bidi Bidi Bom Bom - 1994 Version,Selena,https://p.scdn.co/mp3-preview/1a467039d51f7cdc3ae1e0875e59e650e2f326c3?cid=9950ac751e34487dbbe027c4fd7f8e99
219,3,Don't Take It Personal (Just One of Dem Days),Monica,https://p.scdn.co/mp3-preview/9b2778d76c956ade5e409a47bf77f101d41da15c?cid=9950ac751e34487dbbe027c4fd7f8e99
220,3,...Baby One More Time,Britney Spears,https://p.scdn.co/mp3-preview/da2134a161f1cb34d17c2d6d7e77cc93d1c1e6f7?cid=9950ac751e34487dbbe027c4fd7f8e99
221,3,Never Ever,"All Saints, Unknown",https://p.scdn.co/mp3-preview/a07f748e73d7d37cc364713747fb9c004e33778b?cid=9950ac751e34487dbbe027c4fd7f8e99
222,3,I Know,Dionne Farris,https://p.scdn.co/mp3-preview/f07354bb1981dcd337a727adb688eb4033c9f377?cid=9950ac751e34487dbbe027c4fd7f8e99
223,3,Santeria,Sublime,https://p.scdn.co/mp3-preview/ca755dac7180acf5ee73d7c2c73b85071948a932?cid=9950ac751e34487dbbe027c4fd7f8e99
224,3,Boombastic,Shaggy,https://p.scdn.co/mp3-preview/399cd753b9e38eacd754035f3bc5e7e1d103a8c0?cid=9950ac751e34487dbbe027c4fd7f8e99
225,3,Hand in My Pocket - 2015 Remaster,Alanis Morissette,https://p.scdn.co/mp3-preview/3439f1702f76bf981d9df8052759efa42e6a6833?cid=9950ac751e34487dbbe027c4fd7f8e99
226,3,Hold On,Wilson Phillips,https://p.scdn.co/mp3-preview/9aea9e36875f3fd4c26c57a2c801f7b4dc9b0bbc?cid=9950ac751e34487dbbe027c4fd7f8e99
227,3,Killing Me Softly With His Song,"Fugees, Ms. Lauryn Hill",https://p.scdn.co/mp3-preview/c8fef7f0c42941f08e11854ef261df937a37e177?cid=9950ac751e34487dbbe027c4fd7f8e99
228,3,Regulate,"Warren G, Nate Dogg",https://p.scdn.co/mp3-preview/5c28c97ebd651ca2bc2bbedef48bc478c468c9bb?cid=9950ac751e34487dbbe027c4fd7f8e99
229,3,Believe,Cher,https://p.scdn.co/mp3-preview/579967c91dc409b693b9819c12bbba83e4d0f9a4?cid=9950ac751e34487dbbe027c4fd7f8e99
230,3,Just A Girl,No Doubt,https://p.scdn.co/mp3-preview/e42eda8fe361f4951ae69bbe80289c3faf458b38?cid=9950ac751e34487dbbe027c4fd7f8e99
231,3,The Boy Is Mine,"Brandy, Monica",https://p.scdn.co/mp3-preview/2088d99205c4e8386d3de07cb6ce257caa430766?cid=9950ac751e34487dbbe027c4fd7f8e99
232,3,I Wanna Sex You Up - Single Mix,Color Me Badd,https://p.scdn.co/mp3-preview/621ad25d996d7f4142eac6a00f07a882982d9b75?cid=9950ac751e34487dbbe027c4fd7f8e99
233,3,Where My Girls At,702,https://p.scdn.co/mp3-preview/38dd581e15bce180952e914c1f5e4e20a701121e?cid=9950ac751e34487dbbe027c4fd7f8e99
234,3,I Want It That Way,Backstreet Boys,https://p.scdn.co/mp3-preview/b8c2410a5acb68b462be6ac85f1312430e2b149c?cid=9950ac751e34487dbbe027c4fd7f8e99
235,3,Tom's Diner,"Suzanne Vega, DNA",https://p.scdn.co/mp3-preview/5c07b86f1d0ab9d0bf86d383e07dc4ac2fa018cf?cid=9950ac751e34487dbbe027c4fd7f8e99
236,3,Be My Lover,La Bouche,
237,3,The Impression That I Get,The Mighty Mighty Bosstones,https://p.scdn.co/mp3-preview/1bf1841cb43bfeee014f295306bd8e1034fff9be?cid=9950ac751e34487dbbe027c4fd7f8e99
238,3,"Men In Black - From ""Men In Black"" Soundtrack",Will Smith,https://p.scdn.co/mp3-preview/cde2c54e19b733fcaf3da94b6dd1120715258133?cid=9950ac751e34487dbbe027c4fd7f8e99
239,3,One Week,Barenaked Ladies,
240,3,The Way,Fastball,https://p.scdn.co/mp3-preview/b11e519e854bf58b02c195fb6fc41044bcf52ad8?cid=9950ac751e34487dbbe027c4fd7f8e99
241,3,This Is How We Do It,"Montell Jordan, Wino",https://p.scdn.co/mp3-preview/62544a3ad18b6c957bb20d5306fab30a0c394e14?cid=9950ac751e34487dbbe027c4fd7f8e99
242,3,Boom Boom Boom - Don't Break My Balls Mix,The Outhere Brothers,https://p.scdn.co/mp3-preview/19aaa35870e2f04e093522599719c80946861036?cid=9950ac751e34487dbbe027c4fd7f8e99
243,3,My Lovin' (You're Never Gonna Get It),En Vogue,https://p.scdn.co/mp3-preview/5d8d1f7fe6368ceedc942ec7787cfc157a772a11?cid=9950ac751e34487dbbe027c4fd7f8e99
244,3,Show Me Love - Radio Version,Robyn,https://p.scdn.co/mp3-preview/a0873775085babcfe2d0efdfb987eca7e4c6236d?cid=9950ac751e34487dbbe027c4fd7f8e99
245,3,Rhythm Is A Dancer - 12'' Version,SNAP!,
246,3,No Rain,Blind Melon,https://p.scdn.co/mp3-preview/36adeb851bf8cfbeefabc9334af8c5b50ca3974c?cid=9950ac751e34487dbbe027c4fd7f8e99
247,3,Tubthumping,Chumbawamba,
248,3,The Rhythm of the Night,Corona,https://p.scdn.co/mp3-preview/7b4d293b8e25bd860a4c12017647a900a75d8611?cid=9950ac751e34487dbbe027c4fd7f8e99
249,3,(You Drive Me) Crazy,Britney Spears,
250,3,Gonna Make You Sweat (Everybody Dance Now),"C & C Music Factory, Freedom Williams",
251,3,"La Copa de la Vida (La Cancion Oficial de la Copa Mundial, Francia '98) - Spanglish Radio Edit",Ricky Martin,https://p.scdn.co/mp3-preview/11080f7ced0d7f3078d5554d4b3187752534922b?cid=9950ac751e34487dbbe027c4fd7f8e99
252,3,Dreams,The Cranberries,https://p.scdn.co/mp3-preview/bc403fe8282af8e69c8271913ac3228fab0e1f71?cid=9950ac751e34487dbbe027c4fd7f8e99
253,3,Under the Bridge,Red Hot Chili Peppers,https://p.scdn.co/mp3-preview/90e41778392f27b6f7dd82db4c90916b3727aa6a?cid=9950ac751e34487dbbe027c4fd7f8e99
254,3,Show Me Love,Robin S,https://p.scdn.co/mp3-preview/cd2087664f2daf31c41b44ddf0f8c56ac9d27045?cid=9950ac751e34487dbbe027c4fd7f8e99
255,3,I Swear,All-4-One,https://p.scdn.co/mp3-preview/4bbcac2464fbcb629b62186a9884e9caa402735f?cid=9950ac751e34487dbbe027c4fd7f8e99
256,3,Another Night,Real McCoy,
257,3,Blue (Da Ba Dee),Eiffel 65,
258,3,Gangsta's Paradise,"Coolio, L.V.",
259,3,Watermelon Crawl,Tracy Byrd,https://p.scdn.co/mp3-preview/364e93653d429c1b01dcac27dfdaca289534de08?cid=9950ac751e34487dbbe027c4fd7f8e99
260,4,Uptown Funk (feat. Bruno Mars),"Mark Ronson, Bruno Mars",https://p.scdn.co/mp3-preview/24aaed22560d6f03f6129a7234b500b05302e168?cid=9950ac751e34487dbbe027c4fd7f8e99
261,4,Superstition,Stevie Wonder,
262,4,"December, 1963 (Oh, What a Night)",Frankie Valli & The Four Seasons,https://p.scdn.co/mp3-preview/c4ea0ea6ef5b31cb86ae24b2169b69b2d4a9017e?cid=9950ac751e34487dbbe027c4fd7f8e99
263,4,Build Me up Buttercup,The Foundations,
264,4,Believe,Cher,https://p.scdn.co/mp3-preview/579967c91dc409b693b9819c12bbba83e4d0f9a4?cid=9950ac751e34487dbbe027c4fd7f8e99
265,4,"Happy - From ""Despicable Me 2""",Pharrell Williams,
266,4,Hey Ya!,Outkast,https://p.scdn.co/mp3-preview/6c69ee9ec863053388b7c06fea9f42a66775acbc?cid=9950ac751e34487dbbe027c4fd7f8e99
267,4,Wake Me Up Before You Go-Go,Wham!,
268,4,Never Gonna Give You Up,Rick Astley,
269,4,What Makes You Beautiful,One Direction,
270,4,I Want You Back,The Jackson 5,
271,4,You Make My Dreams (Come True),Daryl Hall & John Oates,https://p.scdn.co/mp3-preview/923b280576b53f2c6a462b751eada03ad37c8fa1?cid=9950ac751e34487dbbe027c4fd7f8e99
272,4,"Footloose - From ""Footloose"" Soundtrack",Kenny Loggins,https://p.scdn.co/mp3-preview/ab731e85f55caa38a697c1e825728df2f78e5c85?cid=9950ac751e34487dbbe027c4fd7f8e99
273,4,Wannabe,Spice Girls,https://p.scdn.co/mp3-preview/27cda6c08b6ddeddd4d3116aef7769ea3b2b11f5?cid=9950ac751e34487dbbe027c4fd7f8e99
274,4,Gettin' Jiggy Wit It,Will Smith,https://p.scdn.co/mp3-preview/0c21845e8a75e7b56ca639db702dc72134e7ce9c?cid=9950ac751e34487dbbe027c4fd7f8e99
275,4,Hot Stuff,Donna Summer,
276,4,Let's Dance - 1999 Remaster,David Bowie,
277,4,The Best - Edit,Tina Turner,https://p.scdn.co/mp3-preview/366fbf386e5eb7ba419141a547b5786d2e14559c?cid=9950ac751e34487dbbe027c4fd7f8e99
278,4,Don't Stop 'Til You Get Enough,Michael Jackson,https://p.scdn.co/mp3-preview/bcbf2c53e033e4df303f4a9c90c4eada0a70216f?cid=9950ac751e34487dbbe027c4fd7f8e99
279,4,Shout,Lulu,https://p.scdn.co/mp3-preview/55626f0e711ffc623b1a1b57c2de6a7e48b2c81a?cid=9950ac751e34487dbbe027c4fd7f8e99
280,4,My Girl,The Temptations,
281,4,Sweet Dreams (Are Made of This) - Remastered,"Eurythmics, Annie Lennox, Dave Stewart",https://p.scdn.co/mp3-preview/2d53377e235545dc7335bb049867766ac9f723ad?cid=9950ac751e34487dbbe027c4fd7f8e99
282,4,Thinking out Loud,Ed Sheeran,https://p.scdn.co/mp3-preview/7fba47d0806142cb34ad2080a5f139eba915fe05?cid=9950ac751e34487dbbe027c4fd7f8e99
283,4,Sir Duke,Stevie Wonder,
284,4,Mr. Brightside,The Killers,https://p.scdn.co/mp3-preview/4839b070015ab7d6de9fec1756e1f3096d908fba?cid=9950ac751e34487dbbe027c4fd7f8e99
285,4,You Shook Me All Night Long,AC/DC,https://p.scdn.co/mp3-preview/710e62f96a43c2e78c3644df8c6a7e702e064755?cid=9950ac751e34487dbbe027c4fd7f8e99
286,4,Shut Up and Dance,WALK THE MOON,https://p.scdn.co/mp3-preview/50171ad2206e8f6b2ecad2266d353472427c358e?cid=9950ac751e34487dbbe027c4fd7f8e99
287,4,Feel So Close - Radio Edit,Calvin Harris,https://p.scdn.co/mp3-preview/1bb301a77b9116d35a5dfba254d7756482f565dc?cid=9950ac751e34487dbbe027c4fd7f8e99
288,4,CAN'T STOP THE FEELING! - Film Version,"Justin Timberlake, Anna Kendrick, Gwen Stefani, James Corden, Zooey Deschanel, Ron Funches, Caroline Hjelt, Aino Jawo, Christopher Mintz-Plasse, Kunal Nayyar",https://p.scdn.co/mp3-preview/490f935ceb017ce3ae29ddc90b9ca8154a555ebe?cid=9950ac751e34487dbbe027c4fd7f8e99
289,4,U Can't Touch This,MC Hammer,https://p.scdn.co/mp3-preview/b3b11fad170bcccca0af7325c6f75f7ec3c06b78?cid=9950ac751e34487dbbe027c4fd7f8e99
290,4,I Gotta Feeling,Black Eyed Peas,
291,4,That's the Way (I Like It) - Edit,KC & The Sunshine Band,https://p.scdn.co/mp3-preview/ea138cf00235425ca8e1bc65113f831e701929d7?cid=9950ac751e34487dbbe027c4fd7f8e99
292,4,You Sexy Thing,Hot Chocolate,https://p.scdn.co/mp3-preview/323237004910e9b360721d6c6332f2aed36bcbdb?cid=9950ac751e34487dbbe027c4fd7f8e99
293,4,We Found Love,"Rihanna, Calvin Harris",
294,4,Play That Funky Music,Wild Cherry,https://p.scdn.co/mp3-preview/9084c1e6e8ed1e92ec3bb19a9f42bf5f8826763d?cid=9950ac751e34487dbbe027c4fd7f8e99
295,4,Macarena - Bayside Boys Remix,Los Del Rio,https://p.scdn.co/mp3-preview/3d5cc449365bc428be4082d94a3bb1ac87e03d00?cid=9950ac751e34487dbbe027c4fd7f8e99
296,4,The Grease Mega-Mix,"John Travolta, Olivia Newton-John, Phil Harding, Ian Curnow",
297,4,Ain't No Mountain High Enough,"Marvin Gaye, Tammi Terrell",
298,4,Mambo No. 5 (A Little Bit of...),Lou Bega,
299,4,Respect,Aretha Franklin,https://p.scdn.co/mp3-preview/43689fd60744c3b2448f8b632a4d2ed348d1bb18?cid=9950ac751e34487dbbe027c4fd7f8e99
300,4,You Can Call Me Al,Paul Simon,https://p.scdn.co/mp3-preview/9f78e86b443f01edc26539c951643f6d32359015?cid=9950ac751e34487dbbe027c4fd7f8e99
301,4,A Little Respect,Erasure,
302,4,I Wanna Dance with Somebody (Who Loves Me),Whitney Houston,
303,4,Dancing Queen,ABBA,
304,4,Kiss,Prince,https://p.scdn.co/mp3-preview/87d72814c44403d3ff668ce8639d3d5b287a39de?cid=9950ac751e34487dbbe027c4fd7f8e99
305,4,Get Lucky (feat. Pharrell Williams & Nile Rodgers) - Radio Edit,"Daft Punk, Pharrell Williams, Nile Rodgers",https://p.scdn.co/mp3-preview/92d40a2ae211cceb264e9ee1e67fe05f4d788200?cid=9950ac751e34487dbbe027c4fd7f8e99
306,4,When Love Takes Over (feat. Kelly Rowland),David Guetta,https://p.scdn.co/mp3-preview/e92380978b61ba2cd4e4f6238af0d850be6e1da5?cid=9950ac751e34487dbbe027c4fd7f8e99
307,4,ABC,The Jackson 5,
308,4,Call Me Maybe,Carly Rae Jepsen,https://p.scdn.co/mp3-preview/c908c431b8535d42eab2e0c0a2e0452e161c4f99?cid=9950ac751e34487dbbe027c4fd7f8e99
309,4,Under Pressure - Remastered 2011,"Queen, David Bowie",https://p.scdn.co/mp3-preview/b329081abca56123f894650065adb85b29b372af?cid=9950ac751e34487dbbe027c4fd7f8e99
310,4,In the Summertime,Mungo Jerry,
311,4,Good Vibrations - Remastered 2001,The Beach Boys,https://p.scdn.co/mp3-preview/ba9868a557bdee4ef0c5f90e8bd75bb2affa9532?cid=9950ac751e34487dbbe027c4fd7f8e99
312,4,Everyday People,Sly & The Family Stone,https://p.scdn.co/mp3-preview/27a1231d5f079f69b52c78d0039a2dfcb6609d21?cid=9950ac751e34487dbbe027c4fd7f8e99
313,4,...Baby One More Time,Britney Spears,https://p.scdn.co/mp3-preview/da2134a161f1cb34d17c2d6d7e77cc93d1c1e6f7?cid=9950ac751e34487dbbe027c4fd7f8e99
314,4,Lovefool - Radio Edit,The Cardigans,
315,4,Valerie (feat. Amy Winehouse) - Version Revisited,"Mark Ronson, Amy Winehouse",https://p.scdn.co/mp3-preview/7f3379870be97c9c03c00ae01f5dc15490493278?cid=9950ac751e34487dbbe027c4fd7f8e99
316,4,Keep On Movin',"Five, Steve Mac",https://p.scdn.co/mp3-preview/e7f7aa48fc62cce8924c2529dec61907192dddb0?cid=9950ac751e34487dbbe027c4fd7f8e99
317,4,Want to Want Me,Jason Derulo,https://p.scdn.co/mp3-preview/d0727e5bbaef36980bc20f5c5cccf3c757af7bb0?cid=9950ac751e34487dbbe027c4fd7f8e99
318,4,Celebration - Single Version,Kool & The Gang,
319,4,Poker Face,Lady Gaga,https://p.scdn.co/mp3-preview/29b22978edfe6ebb4c4078054c2814a4b5f16718?cid=9950ac751e34487dbbe027c4fd7f8e99
320,4,Rolling in the Deep,Adele,
321,4,Feel the Love (feat. John Newman),"Rudimental, John Newman",
322,4,Karma Chameleon,Culture Club,https://p.scdn.co/mp3-preview/e90394fb5cf7dd33cf088006d8e0d9883866c6c3?cid=9950ac751e34487dbbe027c4fd7f8e99
323,4,Gimme! Gimme! Gimme! (A Man After Midnight),ABBA,
324,4,Young Hearts Run Free,Candi Staton,https://p.scdn.co/mp3-preview/b0b96bb7e0e4f151ce0c64349e74cfc11cba326b?cid=9950ac751e34487dbbe027c4fd7f8e99
325,4,Girls Just Want to Have Fun,Cyndi Lauper,https://p.scdn.co/mp3-preview/b7dc055382341560973132ef4dcb45c150875f37?cid=9950ac751e34487dbbe027c4fd7f8e99
326,4,More Than A Woman (2007 Remastered Saturday Night Fever LP Version),Bee Gees,
327,4,I've Got a Woman,Ray Charles,https://p.scdn.co/mp3-preview/8b2ea0e22da313c4f85246c48de604937f399c99?cid=9950ac751e34487dbbe027c4fd7f8e99
328,4,I'm a Believer - 2006 Remaster,The Monkees,https://p.scdn.co/mp3-preview/4e143a9e5486ecc18bfdfac1b4f5d9d2d730a328?cid=9950ac751e34487dbbe027c4fd7f8e99
329,4,We Are Family,Sister Sledge,https://p.scdn.co/mp3-preview/26f5886af9af728d758a84ff045baab992878692?cid=9950ac751e34487dbbe027c4fd7f8e99
330,4,Don't You Want Me,The Human League,https://p.scdn.co/mp3-preview/34b105476eae0f47a6240549de1c3601fc69f50f?cid=9950ac751e34487dbbe027c4fd7f8e99
331,4,Are You Ready For Love - '79 Version Radio Edit,Elton John,
332,4,Daddy Cool,Boney M.,https://p.scdn.co/mp3-preview/d7c55971d9eb309ee06216d8181253f10c8bbc09?cid=9950ac751e34487dbbe027c4fd7f8e99
333,4,I'm Coming Out,Diana Ross,
334,4,Le Freak,CHIC,
335,4,Uptown Girl,Billy Joel,https://p.scdn.co/mp3-preview/d3b37bdad05ca2e573eb096fa19521b3fe36adba?cid=9950ac751e34487dbbe027c4fd7f8e99
336,4,(Your Love Keeps Lifting Me) Higher & Higher,Jackie Wilson,https://p.scdn.co/mp3-preview/715dfaeb3221769b58a3712d492a68f979535883?cid=9950ac751e34487dbbe027c4fd7f8e99
337,4,Come On Eileen,Dexys Midnight Runners,
338,4,Walk This Way (feat. Aerosmith),"Run–D.M.C., Aerosmith",https://p.scdn.co/mp3-preview/c7a8010bbddcd0d793a832de76a24d2cae5ab497?cid=9950ac751e34487dbbe027c4fd7f8e99
339,4,Car Wash,Rose Royce,
340,4,Walk Of Life,Dire Straits,
341,4,Livin' On A Prayer,Bon Jovi,
342,4,Gold,Spandau Ballet,
343,4,Take On Me,a-ha,
344,4,River Deep - Mountain High - Remastered Version 1991,Ike & Tina Turner,https://p.scdn.co/mp3-preview/c0fc9387731f833e1cfe03e298703bf8704e52cb?cid=9950ac751e34487dbbe027c4fd7f8e99
345,4,Hips Don't Lie (feat. Wyclef Jean),"Shakira, Wyclef Jean",https://p.scdn.co/mp3-preview/9743b7c0f0f21da20168327a5c3ceb7f81a1df29?cid=9950ac751e34487dbbe027c4fd7f8e99
346,4,Sexual,"NEIKED, Dyo",
347,4,Stayin' Alive - 2007 Remastered Version Saturday Night Fever,Bee Gees,
348,4,Get Busy,Sean Paul,https://p.scdn.co/mp3-preview/9852d037d90d8059d97546917af1ead2f7393321?cid=9950ac751e34487dbbe027c4fd7f8e99
349,4,I'm So Excited,The Pointer Sisters,https://p.scdn.co/mp3-preview/b31240880ff56a6eda232bbb048a1edc9e65d8b5?cid=9950ac751e34487dbbe027c4fd7f8e99
350,4,He's the Greatest Dancer - 2006 Remaster,Sister Sledge,https://p.scdn.co/mp3-preview/1f2316e02a44d8358717d36169a8f8b73572c932?cid=9950ac751e34487dbbe027c4fd7f8e99
351,4,One Step Beyond,Madness,
352,4,Wouldn't It Be Nice - 2000 Remaster,The Beach Boys,https://p.scdn.co/mp3-preview/5ac63bddda751c3cb0cb0b83f1f2e72c554f41be?cid=9950ac751e34487dbbe027c4fd7f8e99
353,4,Suspicious Minds,Elvis Presley,
354,4,Happy Together,The Turtles,https://p.scdn.co/mp3-preview/be70befd16aac0ed18e1bab29513f5d84188415c?cid=9950ac751e34487dbbe027c4fd7f8e99
355,4,Don't Go Breaking My Heart,"Elton John, Kiki Dee",
356,4,Roxanne - Remastered 2003,The Police,
357,4,Tainted Love - Re-Recorded,Soft Cell,https://p.scdn.co/mp3-preview/24fb0b703b30b8d491cbe70073fd50e9213646a5?cid=9950ac751e34487dbbe027c4fd7f8e99
358,4,You Spin Me Round (Like a Record),Dead Or Alive,
359,4,Don't Stop Believin',Journey,https://p.scdn.co/mp3-preview/21b9abd3cd2eea634e17a917196fdd5ba2e82670?cid=9950ac751e34487dbbe027c4fd7f8e99
360,4,The Locomotion,Little Eva,https://p.scdn.co/mp3-preview/5e27bdc0f5a4cab8f5e75cc9c83f7979c49d651f?cid=9950ac751e34487dbbe027c4fd7f8e99
361,4,Twist And Shout - Remastered,The Beatles,
362,4,Soul Man,Sam & Dave,https://p.scdn.co/mp3-preview/2afe192d65a0878c54bcddcbda619e939ef570af?cid=9950ac751e34487dbbe027c4fd7f8e99
363,4,Let's Get It On,Marvin Gaye,
364,4,"Oh, Pretty Woman",Roy Orbison,https://p.scdn.co/mp3-preview/9381e2af9cc551715bcbe525acc5834faa1bee82?cid=9950ac751e34487dbbe027c4fd7f8e99
365,4,Don't Stop Me Now - Remastered 2011,Queen,https://p.scdn.co/mp3-preview/5fda76b980c7de5df1e7e9b2d54464665b6029ce?cid=9950ac751e34487dbbe027c4fd7f8e99
366,4,I Will Survive - Rerecorded,Gloria Gaynor,https://p.scdn.co/mp3-preview/0f5744013a9c7464474a7c634a7880306ad1297d?cid=9950ac751e34487dbbe027c4fd7f8e99
367,4,I Don't Feel Like Dancin' - Radio Edit,Scissor Sisters,https://p.scdn.co/mp3-preview/44a27901738bffdd04a37adb0345f8ea24f2a741?cid=9950ac751e34487dbbe027c4fd7f8e99
368,4,How Am I Supposed to Live Without You,Michael Bolton,https://p.scdn.co/mp3-preview/319693ede6c82e0530dae71777a595bdcaa9a9a8?cid=9950ac751e34487dbbe027c4fd7f8e99
369,4,All Night Long (All Night) - Single Version,Lionel Richie,https://p.scdn.co/mp3-preview/aa34cbaad8f9af42601e2e96bf5e1d5bd3256afb?cid=9950ac751e34487dbbe027c4fd7f8e99
370,4,I Believe in a Thing Called Love,The Darkness,https://p.scdn.co/mp3-preview/b98e998e3ba85b486abd53fe2a12b3138db5ab2a?cid=9950ac751e34487dbbe027c4fd7f8e99
371,4,Stay With Me,Sam Smith,
372,4,Rock DJ,Robbie Williams,https://p.scdn.co/mp3-preview/1e27b8c532ca66d7484fc092f195a6ac2d635a18?cid=9950ac751e34487dbbe027c4fd7f8e99
373,4,Black Magic,Little Mix,
374,4,Bills,LunchMoney Lewis,https://p.scdn.co/mp3-preview/c2dbd32fe89df54b8adc28773ae4df7363be786d?cid=9950ac751e34487dbbe027c4fd7f8e99
375,4,Hold My Hand,Jess Glynne,https://p.scdn.co/mp3-preview/94bf21a26658ea01994b3b6aef3dc94090fd4fc2?cid=9950ac751e34487dbbe027c4fd7f8e99
376,4,Push The Button,Sugababes,https://p.scdn.co/mp3-preview/a6ff5883778508ba12c7c456fb18294e14211db4?cid=9950ac751e34487dbbe027c4fd7f8e99
377,4,Forget You,CeeLo Green,https://p.scdn.co/mp3-preview/ad508080cdbde0340b316ec210c8593c3e4aef94?cid=9950ac751e34487dbbe027c4fd7f8e99
378,4,Crazy In Love (feat. Jay-Z),"Beyoncé, JAY-Z",https://p.scdn.co/mp3-preview/ce8ace0ec425840416be78db07cf50dd331eed4f?cid=9950ac751e34487dbbe027c4fd7f8e99
379,4,Teenage Dirtbag,Wheatus,https://p.scdn.co/mp3-preview/7e909315e9cc08a71ed050493796e88a93b56984?cid=9950ac751e34487dbbe027c4fd7f8e99
380,4,Best Day Of My Life,American Authors,
381,4,King,Years & Years,
382,4,Murder On The Dancefloor,Sophie Ellis-Bextor,https://p.scdn.co/mp3-preview/d7cefcc830aee25a696765e9049a16cacae64681?cid=9950ac751e34487dbbe027c4fd7f8e99
383,4,Sorry,Justin Bieber,
384,4,It Wasn't Me,"Shaggy, Rik Rok",https://p.scdn.co/mp3-preview/e4c875d27f3f99dab7565b656a1c434a84b06fab?cid=9950ac751e34487dbbe027c4fd7f8e99
385,4,Get Up Offa That Thing,James Brown,
386,4,California Gurls,"Katy Perry, Snoop Dogg",https://p.scdn.co/mp3-preview/6d6284e8708cd21d7ff8442eba1dcdfb2181c468?cid=9950ac751e34487dbbe027c4fd7f8e99
387,4,"Moves Like Jagger - Studio Recording From ""The Voice"" Performance","Maroon 5, Christina Aguilera",https://p.scdn.co/mp3-preview/e72cf184c49dd1bccc2b813fae4ef518489bbd09?cid=9950ac751e34487dbbe027c4fd7f8e99
388,4,Dance Wiv Me,"Dizzee Rascal, Calvin Harris, Chrome",
389,4,Rehab,Amy Winehouse,
390,4,A Little Less Conversation - JXL Radio Edit Remix,"Elvis Presley, JXL",
391,4,Steal My Sunshine,LEN,https://p.scdn.co/mp3-preview/079e75e7b51ce47ea39b66a65ad700e74e5582b5?cid=9950ac751e34487dbbe027c4fd7f8e99
392,4,A Sky Full of Stars,Coldplay,https://p.scdn.co/mp3-preview/c078ecffbf466b8521e135766dd4f36699846feb?cid=9950ac751e34487dbbe027c4fd7f8e99
393,4,Good Feeling,Flo Rida,https://p.scdn.co/mp3-preview/9b7c873ffd4d9893608532492679e0dfca0229f9?cid=9950ac751e34487dbbe027c4fd7f8e99
394,4,This Girl (Kungs Vs. Cookin' On 3 Burners),"Kungs, Cookin' On 3 Burners",
395,4,Cake By The Ocean,DNCE,
396,4,Beautiful Girls,Sean Kingston,https://p.scdn.co/mp3-preview/149a2a28b7acbe31096d9f3cb4618ef08926c8b2?cid=9950ac751e34487dbbe027c4fd7f8e99
397,4,Praise You - Radio Edit,Fatboy Slim,
398,4,Toxic,Britney Spears,https://p.scdn.co/mp3-preview/8465386fd6ce10f7ae3bd9c907825d7cb955ade0?cid=9950ac751e34487dbbe027c4fd7f8e99
399,4,Intoxicated - Radio Edit,"Martin Solveig, Good Times Ahead",
400,4,Let Me Love You (Until You Learn To Love Yourself),Ne-Yo,https://p.scdn.co/mp3-preview/825f89351091d839b4a9c0eff0f878cdf28c97cb?cid=9950ac751e34487dbbe027c4fd7f8e99
401,4,September,"Earth\, Wind & Fire",
402,4,American Boy (feat. Kanye West),"Estelle, Kanye West",
403,4,Cheerleader - Felix Jaehn Remix Radio Edit,"OMI, Felix Jaehn",https://p.scdn.co/mp3-preview/df00fe4f86cef1dbc93ffcbc83de7aea46cb9c38?cid=9950ac751e34487dbbe027c4fd7f8e99
404,4,Everywhere,Fleetwood Mac,
405,4,Sugar,Maroon 5,https://p.scdn.co/mp3-preview/c2703c6af5ded97cde4c9e8c306dc01a69209d0f?cid=9950ac751e34487dbbe027c4fd7f8e99
406,4,Lush Life,Zara Larsson,
407,4,You Can't Hurry Love,The Supremes,
408,5,It's Time,Imagine Dragons,https://p.scdn.co/mp3-preview/fab9f86f7f869304f8d80fa925b5aae1006225b7?cid=9950ac751e34487dbbe027c4fd7f8e99
409,5,Graduation (Friends Forever),Vitamin C,https://p.scdn.co/mp3-preview/229009d6d933b3b37c470b4abb617e95ff859cfb?cid=9950ac751e34487dbbe027c4fd7f8e99
410,5,We Are Young (feat. Janelle Monáe),"fun., Janelle Monáe",https://p.scdn.co/mp3-preview/af96d9b11588ea7d7754ccf2a8cefa7ead23a7d6?cid=9950ac751e34487dbbe027c4fd7f8e99
411,5,Doses & Mimosas,Cherub,https://p.scdn.co/mp3-preview/ccaa9c6c3ef034b084ab918d484a2a6a1e8cc8e2?cid=9950ac751e34487dbbe027c4fd7f8e99
412,5,Congratulations,"Post Malone, Quavo",https://p.scdn.co/mp3-preview/13c95e26a859e2cc2fae8e1b947b48869230d2c1?cid=9950ac751e34487dbbe027c4fd7f8e99
413,5,Good Riddance (Time of Your Life),Green Day,https://p.scdn.co/mp3-preview/e12bf548d4633c9877b3772493bf9a980511b926?cid=9950ac751e34487dbbe027c4fd7f8e99
414,5,Cheers (Drink To That),Rihanna,https://p.scdn.co/mp3-preview/4e910e1af0f6bfc90e054d0b9f6bc5d47e246041?cid=9950ac751e34487dbbe027c4fd7f8e99
415,5,Memories,Maroon 5,https://p.scdn.co/mp3-preview/d7527c763d2a23c25299a886ad161ffaad6294e3?cid=9950ac751e34487dbbe027c4fd7f8e99
416,5,Walking On A Dream,Empire of the Sun,https://p.scdn.co/mp3-preview/8701b4cfc0ff5013dc7ed3f7701d9d6399f26a99?cid=9950ac751e34487dbbe027c4fd7f8e99
417,5,I Know There's Gonna Be (Good Times),"Jamie xx, Young Thug, Popcaan",
418,5,when the party's over,Billie Eilish,https://p.scdn.co/mp3-preview/3ecac85b0a9e25bfb3ff85ab96c9d09ab164cb7b?cid=9950ac751e34487dbbe027c4fd7f8e99
419,5,Young Forever,"JAY-Z, Mr Hudson",https://p.scdn.co/mp3-preview/1fc27e490b60bfcae02910871c87f5a1a05d0614?cid=9950ac751e34487dbbe027c4fd7f8e99
420,5,Good Life,"Kanye West, T-Pain",
421,5,waves - Tame Impala Remix,"Miguel, Tame Impala",https://p.scdn.co/mp3-preview/ae9a6446d61c4bd30a7993a8c0e9836c9f3a4aa3?cid=9950ac751e34487dbbe027c4fd7f8e99
422,5,See You Again (feat. Charlie Puth),"Wiz Khalifa, Charlie Puth",https://p.scdn.co/mp3-preview/590bd9bcd6271980f996a447d6e7b0b651cc3dc5?cid=9950ac751e34487dbbe027c4fd7f8e99
423,5,8TEEN,Khalid,https://p.scdn.co/mp3-preview/4ba90cbcb77464e44f38abbc940be01ab440cbed?cid=9950ac751e34487dbbe027c4fd7f8e99
424,5,Wouldn't It Be Nice,The Beach Boys,https://p.scdn.co/mp3-preview/d883feb5856f83e9c4f676f6aedc635a107fd2f2?cid=9950ac751e34487dbbe027c4fd7f8e99
425,5,Wild World,Yusuf / Cat Stevens,
426,5,Lovely Day,Bill Withers,https://p.scdn.co/mp3-preview/feaec74dcf7c26e0d9e53d78d0c4dac3e672ae42?cid=9950ac751e34487dbbe027c4fd7f8e99
427,5,Good as Hell,Lizzo,https://p.scdn.co/mp3-preview/26fb41451edf62e4dac1049d1e0092e266a7b13f?cid=9950ac751e34487dbbe027c4fd7f8e99
428,5,"thank u, next",Ariana Grande,https://p.scdn.co/mp3-preview/7486ad655cea42de4b83edbef4e4e0a29cc26bd0?cid=9950ac751e34487dbbe027c4fd7f8e99
429,5,The World Is Yours,Nas,https://p.scdn.co/mp3-preview/012abbf7996276d2f38b3c5102aa57bf4fe100eb?cid=9950ac751e34487dbbe027c4fd7f8e99
430,5,The Way Life Goes (feat. Oh Wonder),"Lil Uzi Vert, Oh Wonder",https://p.scdn.co/mp3-preview/4d282cabd448444f2618fdb05302bc1cd8ecc64e?cid=9950ac751e34487dbbe027c4fd7f8e99
431,5,Sunday Best,Surfaces,https://p.scdn.co/mp3-preview/b799da8db35af75f4e45a356b9103aee08c8ee2e?cid=9950ac751e34487dbbe027c4fd7f8e99
432,5,Over the Rainbow,Israel Kamakawiwo'ole,https://p.scdn.co/mp3-preview/efa050a71295c8fb7e7809f48e67a171aef5704e?cid=9950ac751e34487dbbe027c4fd7f8e99
433,5,All Star,Smash Mouth,https://p.scdn.co/mp3-preview/24a26524cd1e364126bb9680ae4b2d3792946cd6?cid=9950ac751e34487dbbe027c4fd7f8e99
434,5,"Hey Look Ma, I Made It",Panic! At The Disco,https://p.scdn.co/mp3-preview/724c46d8f0fb7ad7277eb244f1f865d33cd1f246?cid=9950ac751e34487dbbe027c4fd7f8e99
435,5,Feel It Still,Portugal. The Man,https://p.scdn.co/mp3-preview/c32d9479367a99fcf5f881e23e1381e6f87214e9?cid=9950ac751e34487dbbe027c4fd7f8e99
436,5,"Feels (feat. Pharrell Williams, Katy Perry & Big Sean)","Calvin Harris, Pharrell Williams, Katy Perry, Big Sean, Funk Wav",https://p.scdn.co/mp3-preview/0c58b32cdd0231ce4dc3cc2fe63a71046fd9f586?cid=9950ac751e34487dbbe027c4fd7f8e99
437,5,God's Plan,Drake,
438,5,Goodbyes (Feat. Young Thug),"Post Malone, Young Thug",
439,5,When We Were Young,Adele,
440,5,Ain't No Mountain High Enough,"Marvin Gaye, Tammi Terrell",https://p.scdn.co/mp3-preview/a43d382e5452573fea5dbc49e4ee57e19110dd66?cid=9950ac751e34487dbbe027c4fd7f8e99
441,5,All The Stars (with SZA),"Kendrick Lamar, SZA",https://p.scdn.co/mp3-preview/15919417bed73f7a0561aa4ac76641109bb0cbd4?cid=9950ac751e34487dbbe027c4fd7f8e99
442,5,Once in a Lifetime - 2005 Remaster,Talking Heads,https://p.scdn.co/mp3-preview/892275affb593ba3641ead6a4e87df2473c8e833?cid=9950ac751e34487dbbe027c4fd7f8e99
443,5,Don't Leave,"Snakehips, MØ",https://p.scdn.co/mp3-preview/455b08f505b5efe28960ef506ad28a3235e450af?cid=9950ac751e34487dbbe027c4fd7f8e99
444,5,4EVER,Clairo,https://p.scdn.co/mp3-preview/4a8556d3a4f9d1d6dfc44ef31f87900b63c781c5?cid=9950ac751e34487dbbe027c4fd7f8e99
445,5,Generation Why,Conan Gray,https://p.scdn.co/mp3-preview/d5cad8cb70a28963b8489a022de0456b74c73867?cid=9950ac751e34487dbbe027c4fd7f8e99
446,5,Friends (with BloodPop®),"Justin Bieber, BloodPop®",https://p.scdn.co/mp3-preview/1946cbe736d707a19c7358404954946241fb2a29?cid=9950ac751e34487dbbe027c4fd7f8e99
447,5,Let's Fall in Love for the Night,FINNEAS,https://p.scdn.co/mp3-preview/6c4c568b6c1e8c86ea51333fcf8a1b30d02b4810?cid=9950ac751e34487dbbe027c4fd7f8e99
448,5,GLOWED UP,"KAYTRANADA, Anderson .Paak",
449,5,DNA.,Kendrick Lamar,https://p.scdn.co/mp3-preview/aec48a4071604915de3bf1556393279ef3435b52?cid=9950ac751e34487dbbe027c4fd7f8e99
450,5,Thinkin Bout You,Frank Ocean,https://p.scdn.co/mp3-preview/d53e123f5b4ff100b16fa8ebf3e92f1b8c196ab5?cid=9950ac751e34487dbbe027c4fd7f8e99
451,5,Time of Our Lives,"Pitbull, Ne-Yo",https://p.scdn.co/mp3-preview/c7ee72511ef4733508b42f92de3e62ed4753e223?cid=9950ac751e34487dbbe027c4fd7f8e99
452,5,Missing U,Robyn,https://p.scdn.co/mp3-preview/3a5895dc6f978e8295fe8b68486a93ec5d4d336f?cid=9950ac751e34487dbbe027c4fd7f8e99
453,5,SLOW DANCING IN THE DARK,Joji,
454,5,Promises (with Sam Smith),"Calvin Harris, Sam Smith, Jessie Reyez",https://p.scdn.co/mp3-preview/c78e0a33c394091314b35a2fd42b0102cc8fb1cd?cid=9950ac751e34487dbbe027c4fd7f8e99
455,5,Teenage Dream,Katy Perry,https://p.scdn.co/mp3-preview/089cc221211dba75751e752b6e7f7f5a873cc514?cid=9950ac751e34487dbbe027c4fd7f8e99
456,5,Someone That Loves You,"HONNE, Izzy Bizu",https://p.scdn.co/mp3-preview/97d2c004bb3fdfac9818bf6c3c4c20db51e7f3a1?cid=9950ac751e34487dbbe027c4fd7f8e99
457,5,Don't Stop Me Now - Remastered 2011,Queen,https://p.scdn.co/mp3-preview/5fda76b980c7de5df1e7e9b2d54464665b6029ce?cid=9950ac751e34487dbbe027c4fd7f8e99
458,5,Good Day,Surfaces,https://p.scdn.co/mp3-preview/d5735308be1a17741189db5aa862a7608e636b89?cid=9950ac751e34487dbbe027c4fd7f8e99
459,5,Patience,Tame Impala,https://p.scdn.co/mp3-preview/fa48c8180a0d25a5ba970726933732948faa0602?cid=9950ac751e34487dbbe027c4fd7f8e99
460,5,YOUTH,Troye Sivan,https://p.scdn.co/mp3-preview/7d69330a95eeb2fa05e1279ddbbb5399305c2356?cid=9950ac751e34487dbbe027c4fd7f8e99
461,5,Dog Days Are Over,Florence + The Machine,https://p.scdn.co/mp3-preview/6b543fe1ede50100122ede01bcf838bd65d4ee5f?cid=9950ac751e34487dbbe027c4fd7f8e99
462,5,It Gets Better,Rex Orange County,https://p.scdn.co/mp3-preview/f423a04965c85241c1899c3d61a69d46db2c7397?cid=9950ac751e34487dbbe027c4fd7f8e99
463,5,Dreams - 2004 Remaster,Fleetwood Mac,https://p.scdn.co/mp3-preview/40d1f6d82f16b05b62aae47e8e130de04b407fc8?cid=9950ac751e34487dbbe027c4fd7f8e99
464,5,Lean on Me,Bill Withers,https://p.scdn.co/mp3-preview/0c4ddf60c664b3b9bcf0e04163ebbb93f73f6ddc?cid=9950ac751e34487dbbe027c4fd7f8e99
465,5,Wake Me Up,Avicii,
466,5,Graduation (with Juice WRLD),"benny blanco, Juice WRLD",https://p.scdn.co/mp3-preview/c0b7f99335f7bb669300b58496611b7bb087eabc?cid=9950ac751e34487dbbe027c4fd7f8e99
467,5,Mi Gente,"J Balvin, Willy William",https://p.scdn.co/mp3-preview/f649264b8f5543f266ffefad01a4b17d24c93825?cid=9950ac751e34487dbbe027c4fd7f8e99
468,5,Prom Queen,Beach Bunny,https://p.scdn.co/mp3-preview/772d240efb0d28aaa581a646d2f62d9822c7fbf7?cid=9950ac751e34487dbbe027c4fd7f8e99
469,5,Hey Ya!,Outkast,https://p.scdn.co/mp3-preview/36edaaf99f026324cf2e3a6118ba3f02ea80fc31?cid=9950ac751e34487dbbe027c4fd7f8e99
470,5,"These Days (feat. Jess Glynne, Macklemore & Dan Caplen)","Rudimental, Jess Glynne, Macklemore, Dan Caplen",https://p.scdn.co/mp3-preview/57f9b45cd318070b04945fc6c8a7e50eaa7f8971?cid=9950ac751e34487dbbe027c4fd7f8e99
471,5,This Is America,Childish Gambino,https://p.scdn.co/mp3-preview/01afc9c7c44d7b4b01d2340a00e586031827b243?cid=9950ac751e34487dbbe027c4fd7f8e99
472,5,Prom,SZA,https://p.scdn.co/mp3-preview/f7103723fca6116f598aeaac4a5e885ad7781eea?cid=9950ac751e34487dbbe027c4fd7f8e99
473,5,Celebrate,Anderson .Paak,https://p.scdn.co/mp3-preview/8e7137ab55cf8cf6f4232ca7f988db8eb9fd8888?cid=9950ac751e34487dbbe027c4fd7f8e99
474,5,Closer,"The Chainsmokers, Halsey",https://p.scdn.co/mp3-preview/8d3df1c64907cb183bff5a127b1525b530992afb?cid=9950ac751e34487dbbe027c4fd7f8e99
475,5,The Climb,Miley Cyrus,https://p.scdn.co/mp3-preview/ee8211ec905e77b530a5851108ce1d673baee677?cid=9950ac751e34487dbbe027c4fd7f8e99
476,5,High School,UMI,https://p.scdn.co/mp3-preview/6cbc389f43d10b4fa6b79856fff8980a705d3e52?cid=9950ac751e34487dbbe027c4fd7f8e99
477,5,Virile,The Blaze,
478,5,Sunflower - Spider-Man: Into the Spider-Verse,"Post Malone, Swae Lee",
479,5,Firework,Katy Perry,https://p.scdn.co/mp3-preview/df412d6c055ea3746481e045eedcfc758d88b921?cid=9950ac751e34487dbbe027c4fd7f8e99
480,5,The Weekend - Funk Wav Remix,"SZA, Calvin Harris, Funk Wav",https://p.scdn.co/mp3-preview/215471369e674156c24562a8a49b745fe77b472d?cid=9950ac751e34487dbbe027c4fd7f8e99
481,5,prom dress,mxmtoon,https://p.scdn.co/mp3-preview/6929ccac95298f162b93a9b475afc251682c48aa?cid=9950ac751e34487dbbe027c4fd7f8e99
482,5,Build Me Up Buttercup - Mono,The Foundations,https://p.scdn.co/mp3-preview/a1286ea4146157ad1559eaefe6e8a0869e3963b8?cid=9950ac751e34487dbbe027c4fd7f8e99
483,5,Good Times,CHIC,https://p.scdn.co/mp3-preview/6e13f6305e059e7cd762d5cfa8b83787a059d813?cid=9950ac751e34487dbbe027c4fd7f8e99
484,5,Younger - Kygo Remix,"Seinabo Sey, Kygo",https://p.scdn.co/mp3-preview/02666cc97989767e9345774afef597baba742fc6?cid=9950ac751e34487dbbe027c4fd7f8e99
485,5,Shooting Stars,Bag Raiders,https://p.scdn.co/mp3-preview/85a4fb4d2003c18c71568a4ec38a33e619184a4e?cid=9950ac751e34487dbbe027c4fd7f8e99
486,5,Let's Get Loud,Jennifer Lopez,https://p.scdn.co/mp3-preview/e58e65cceabaf25f29661628c146905d784dc30b?cid=9950ac751e34487dbbe027c4fd7f8e99
487,5,Youngblood,5 Seconds of Summer,https://p.scdn.co/mp3-preview/aa8cf1c01ebd584c577076e4c369640d13bf0cca?cid=9950ac751e34487dbbe027c4fd7f8e99
488,5,Ain't No Stoppin' Us Now,McFadden & Whitehead,https://p.scdn.co/mp3-preview/b84b2ea0aa4f3f645c38f73f7239a02c4fb7c629?cid=9950ac751e34487dbbe027c4fd7f8e99
489,5,Dirt Off Your Shoulder,JAY-Z,https://p.scdn.co/mp3-preview/192ef5a5a99475299d91ca3cb91eefdad09a0f4f?cid=9950ac751e34487dbbe027c4fd7f8e99
490,5,Home,Edward Sharpe & The Magnetic Zeros,https://p.scdn.co/mp3-preview/8e1ff07117c78984d221597a80148e80eae6e146?cid=9950ac751e34487dbbe027c4fd7f8e99
491,5,Doo Wop (That Thing),Ms. Lauryn Hill,https://p.scdn.co/mp3-preview/e2d527c9652362bed26e25392e9456966f5eb620?cid=9950ac751e34487dbbe027c4fd7f8e99
492,5,My Girl,The Temptations,https://p.scdn.co/mp3-preview/64ab75f44019e0f4a8ef7a725d264fca03dc3478?cid=9950ac751e34487dbbe027c4fd7f8e99